"","CustomName","Category"
"0","Други обсъждания <br> (не са свързани с конкретна категория по-скоро е internet chatter)","Интернет бърборене"
"1","Вътрешна политика(основно обсъждания около партии и личности)","Политика"
"2","Конспиративни теории и езотерика","Конспиративни теории и клюки"
"3","Животът в България - всякакви обсъждания","Интернет бърборене"
"4","Конспиративни теории, клюки <br> и други нискокачествени постове <br> (с малко false positive като например статии от mediapool и др.)","Конспиративни теории и клюки"
"5","Войната между Украйна и Русия","Политика"
"6","Описания на снимки от България","Снимки, пътувания и почивки"
"7","Вътрешна политика и публична администрация <br> (обсъждания около съда, законодателството, МВР)","Политика"
"8","Въпроси тип лексикон","Интернет бърборене"
"9","ЕС, НАТО и мястото на България в света(Външна политика)","Политика"
"10","Българска история и национализъм","Политика"
"11","Основно София и някои други градове в България <br> (почивка, битови въпроси, градски дискусии)","Снимки, пътувания и почивки"
"12","Междугрупови сравнения и въпроси (напр. “българите сме”, “защо мразим чужденците”… )","Интернет бърборене"
"13","Автомобили и пътна обстановка","Транспорт и транспортни средства"
"14","Ковид, маски и ваксини","Политика"
"15","Храни и рецепти","Храни, напитки, ресторанти и заведения"
"16","Празници, исторически дати и обсъждания около тях","Интернет бърборене"
"17","Политика и правителство (особено обсъждания около съставянето на правителство)","Политика"
"18","Бюрокрация свързана с финанси (електронни подписи, лични финанси, бизнес, митници)","Финанси"
"19","Нискокачествени смесени постове (всякакви теми)","Интернет бърборене"
"20","Клюки, видеа и други","Конспиративни теории и клюки"
"21","Интериорни врати (нещо като реклама)","Пазаруване и продукти (онлайн и офлайн)"
"22","Заплати, доходи и пенсии","Финанси"
"23","Северна Македония и македонската култура във връзка с България","Политика"
"24","Български език и други езици, както и дискусии около азбуки","Култура и свободно време"
"25","Филми и телевизия (различни обсъждания на шоута, сайтове, кина и др.)","Култура и свободно време"
"26","Финанси на българите","Финанси"
"27","Протести и други прояви на неконформизъм (напр. Луков марш)","Политика"
"28","Изборите в България","Политика"
"29","Домакинство и електроуреди/инструменти","Пазаруване и продукти (онлайн и офлайн)"
"30","Образование - формално и неформално","Друго"
"31","Здравеопазване и въпроси свързани с болести (но без Ковид)","Здраве, благосъстояние и външен вид"
"32","Журналистика, новини и медии (с някои outliers )","Друго"
"33","Други дискусии около избори и гласуване (референдуми, трябва ли да гласуваме и др.)","Политика"
"34","Oбсъждания за времето(за части от деня и седмицата). Основно outliers.","Друго"
"35","Вътрешна и външна сигурност (войни, престъпления, криминални лица)","Политика"
"36","Политиката в България - основно обсъждания около политическите идеологии, <br> а не обсъждания на партии и личности","Политика"
"37","Интернет, мобилни мрежи и телефони","Пазаруване и продукти (онлайн и офлайн)"
"38","Криминални новини и престъпления","Криминални и престъпления"
"39","Семейство, секс и деца","Социален живот"
"40","Mемета","Интернет бърборене"
"41","Музика (обсъждания около песни, сайтове, права)","Култура и свободно време"
"42","Имоти и наеми","Финанси"
"43","Животни и домашни любимци","Хоби и домашни любимци"
"44","Футбол, Евровизия, Игри на волята <br> и други събития със състезателен или спортен характер","Култура и свободно време"
"45","Обсъждания около книги","Култура и свободно време"
"46","Газови доставки и търговията на зърно по време на войната между Украйна и Русия","Политика"
"47","Физически магазини и шопинг (основно дрехи)","Пазаруване и продукти (онлайн и офлайн)"
"48","Политика и идеологически спорове и дискусии","Политика"
"49","Oбсъждания около знамена (не само българското) и флагове. <br> Много обсъждания свързани с българското знаме в събредита /r/place/","Интернет бърборене"
"50","Описания на снимки основно от София","Снимки, пътувания и почивки"
"51","Дискусии около време и промяна","Интернет бърборене"
"52","Самолети, дронове, хеликоптери","Транспорт и транспортни средства"
"53","Транспорт - междуградски и градски","Транспорт и транспортни средства"
"54","Онлайн Пазаруване","Пазаруване и продукти (онлайн и офлайн)"
"55","Компютри & Периферия (вкл. 3D принтиране и гейминг)","Пазаруване и продукти (онлайн и офлайн)"
"56","Комунизъм и фашизъм (основно във връзка с България)","Политика"
"57","Демографски обсъждания свързани с България","Политика"
"58","Клипове и видеа в интернет","Култура и свободно време"
"59","Какво мислите за…? <br> (някои обсъждания са политически, но като цяло е смесица от всичко)","Интернет бърборене"
"60","Нискокачествени исторически публикации","Друго"
"61","Запознанства - сайтове и дискусии","Социален живот"
"62","Смесени емоционално заредени постове (много ! или All Caps)","Интернет бърборене"
"63","Интернет шеги и мемета","Интернет бърборене"
"64","Проучвания, анкети и тестове","Друго"
"65","Пътувания и местения в чужбина -  <br> административни и други дискусии","Друго"
"66","Почивка и туризъм на море (основно Черно море)","Снимки, пътувания и почивки"
"67","Икономика (основно обсъждания за българската икономика)","Финанси"
"68","Изкуствен интелект и наука","Друго"
"69","Балканите (основно Сърбия) - обсъждания около исторически събития и политика","Политика"
"70","Влакове (#trainspotting)","Транспорт и транспортни средства"
"71","ЛГБТ и полова ориентация","Друго"
"72","Алкохол и други напитки","Храни, напитки, ресторанти и заведения"
"73","Видео игри","Хоби и домашни любимци"
"74","Какво избирате? (сравнение и въпроси за всякакви теми)","Интернет бърборене"
"75","Обсъждания на пропаганда и лъжи (основно политически)","Политика"
"76","Културни паметници и църкви","Култура и свободно време"
"77","Археология","Култура и свободно време"
"78","Пътувания и почивки","Снимки, пътувания и почивки"
"79","Цените на ток, вода, тец и стоки","Финанси"
"80","Зима и температури","Друго"
"81","Турция и Гърция (Външна политика)","Политика"
"82","Социалните мрежи и Фейсбук","Социален живот"
"83","Партия Възраждане, Апокалипсиса и зловещи преживявания <br> (странна комбинация, може би заради мистичното значение на думата възраждане извън контекста на политическа партия или исторически период)","Политика"
"84","Фитнес, упражнения и здравословен начин на живот","Здраве, благосъстояние и външен вид"
"85","Интернет, спам и киберсигурност","Интернет бърборене"
"86","Неполитически новини и любопитни факти от света и България <br> (стил списание)","Култура и свободно време"
"87","Политика и корупция","Политика"
"88","Българска музика","Култура и свободно време"
"89","Пушене (цигари/марихуана)","Храни, напитки, ресторанти и заведения"
"90","Паметник на съветската армия и други паметници","Политика"
"91","Приятелство, връзки и съвети около казуси от социалния живот","Социален живот"
"92","Козметика и грижа за външния вид","Здраве, благосъстояние и външен вид"
"93","Кафета и ресторанти - препоръки и дискусии","Храни, напитки, ресторанти и заведения"
"94","Очи и сън (странна комбинация, вероятно комбинация от outliers)","Здраве, благосъстояние и външен вид"
"95","Инвестиции (основно акции и etf-и)","Финанси"
"96","Криптовалути","Финанси"
"97","Аудио книги","Култура и свободно време"
"98","Забавни реклами или обсъждания на рекламни клипове","Интернет бърборене"
"99","Шеги и иронични постове свързани с Бойко Борисов <br> и други публични личности","Политика"
"100","Постове с ниско качество <br> (основно outliers, някои криминални)","Интернет бърборене"
"101","Котки","Хоби и домашни любимци"
"102","Хазарт","Финанси"
"103","Стипендии, семинари и обсъждания за финансиране на проекти","Финанси"
"104","Данъци","Финанси"
"105","Зелен сертификат","Политика"
"106","Демокрация и политика","Политика"
"107","Психология и терапия","Здраве, благосъстояние и външен вид"
"108","Кисело мляко","Храни, напитки, ресторанти и заведения"
"109","Обсъждания основно свързани с /r/place/","Интернет бърборене"
"110","Отопление - технологии и проблеми","Финанси"
"111","Инфлацията в България и света","Финанси"
"112","Демографска криза и преброяване","Политика"